Word 100, Def 100
Word 101, Def 101
Word 102, Def 102
Word 103, Def 103
Word 104, Def 104
Word 105, Def 105
Word 106, Def 106
Word 107, Def 107
Word 108, Def 108
Word 109, Def 109
Word 110, Def 110
Word 111, Def 111
Word 112, Def 112
Word 113, Def 113
Word 114, Def 114
Word 115, Def 115
Word 116, Def 116
Word 117, Def 117
Word 118, Def 118
Word 119, Def 119
Word 120, Def 120
Word 121, Def 121
Word 122, Def 122
Word 123, Def 123
Word 124, Def 124
Word 125, Def 125
Word 126, Def 126
Word 127, Def 127
Word 128, Def 128
Word 129, Def 129
Word 130, Def 130
Word 131, Def 131
Word 132, Def 132
Word 133, Def 133
